,Launch_mean,Launch_std
launch_percent,42.74436223245501,6.243055258936099
