,Launch_mean,Launch_std
launch_percent,42.76980689914238,6.244904823529702
