featureBias,soundBias,Pass_%,Launch_%
1,1,3.7075180226570548,96.29248197734294
1,2,8.997955010224949,91.00204498977506
1,3,9.601634320735444,90.39836567926456
2,1,44.3089430894309,55.6910569105691
2,2,80.28747433264887,19.71252566735113
2,3,78.80658436213992,21.193415637860085
3,1,94.38775510204081,5.612244897959184
3,2,99.07312049433573,0.9268795056642637
3,3,98.55371900826447,1.4462809917355373
