featureBias,soundBias,Pass_%,Launch_%
1,1,3.7075180226570548,96.29248197734294
1,2,9.063136456211812,90.93686354378818
1,3,9.582059123343527,90.41794087665647
2,1,44.18604651162791,55.81395348837209
2,2,80.24564994882293,19.75435005117707
2,3,78.60798362333674,21.392016376663257
3,1,94.32048681541582,5.679513184584178
3,2,99.07502569373074,0.9249743062692704
3,3,98.55670103092784,1.443298969072165
