featureBias,soundBias,Launch_%,Pass_%
1,1,63.5427394438723,36.4572605561277
1,2,62.627291242362524,37.372708757637476
1,3,60.85626911314985,39.14373088685015
2,1,56.21840242669363,43.78159757330637
2,2,45.445240532241556,54.55475946775844
2,3,46.16171954964176,53.83828045035825
3,1,36.105476673427994,63.894523326572006
3,2,34.73792394655704,65.26207605344297
3,3,34.43298969072165,65.56701030927834
