startFeature,Launch_mean,Launch_std
1,41.766229400942954,6.37576209606835
2,43.76517398369844,6.517206605922981
