startFeature,Pass_mean,Launch_mean,Pass_std,Launch_std
1,48.27334559798163,51.72665440201837,10.426153044255729,10.426153044255727
2,49.610709441637006,50.389290558362994,9.11765132447728,9.117651324477283
