direction,Pass_mean,Launch_mean,Pass_std,Launch_std
1,48.719466401904256,51.28053359809575,9.55871098566654,9.55871098566654
2,49.18727947892251,50.81272052107749,10.677761663813625,10.677761663813627
