direction,Launch_mean,Launch_std
1,42.65224192382706,6.033380821304412
2,42.898776136155604,7.858713962487919
