startFeature,Launch_mean,Launch_std
1,41.758858395357734,6.378553467986496
2,43.71954024620424,6.521403812935113
