direction,Launch_mean,Launch_std
1,42.56058288472477,6.040590936687652
2,42.939439482346415,7.823011082273857
